{
  "id": "d7378da0-7797-11e9-82cb-8dace84b32db",
  "_class": "employee@pm-gov-ru",
  "_classVer": "",
  "branch": null,
  "createDatet": "2019-05-16T05:02:44.602Z",
  "creator": "admin@local",
  "evaluationPerformByEmployee": [],
  "modifeDate": "2019-05-16T05:02:44.602Z",
  "organization": "b53db270-7796-11e9-82cb-8dace84b32db",
  "organization_eval": "Правительство Республики Марий Эл",
  "person": "ca0bd190-7797-11e9-82cb-8dace84b32db",
  "personPosition": "Кривошеев Е. А., Начальник отдела архитектуры и градостроительства",
  "person_org_eval": "соисполнитель - Кривошеев Е.А. (Правительство Республики Марий Эл)",
  "position": "Начальник отдела архитектуры и градостроительства",
  "___workflowStatus": {}
}