{
  "id": "262aed90-7774-11e9-8f14-55db6cd0450a",
  "_class": "employee@pm-gov-ru",
  "_classVer": "",
  "branch": null,
  "createDatet": "2019-05-16T00:47:15.177Z",
  "creator": "admin@local",
  "evaluationPerformByEmployee": [],
  "modifeDate": "2019-05-16T00:47:15.177Z",
  "organization": "d4ea50d0-776c-11e9-8f14-55db6cd0450a",
  "organization_eval": "Правительство Алтайского края",
  "person": "0e813050-7774-11e9-8f14-55db6cd0450a",
  "personPosition": "Оськина Наталья Владимировна, Министр труда и социальной защиты Алтайского края",
  "person_org_eval": "соисполнитель - Оськина Н.В. (Правительство Алтайского края)",
  "position": "Министр труда и социальной защиты Алтайского края",
  "___workflowStatus": {}
}