{
  "id": "1b688600-7798-11e9-82cb-8dace84b32db",
  "_class": "employee@pm-gov-ru",
  "_classVer": "",
  "branch": null,
  "createDatet": "2019-05-16T05:04:39.008Z",
  "creator": "admin@local",
  "evaluationPerformByEmployee": [],
  "modifeDate": "2019-05-16T05:04:39.008Z",
  "organization": "b53db270-7796-11e9-82cb-8dace84b32db",
  "organization_eval": "Правительство Республики Марий Эл",
  "person": "108f1e60-7798-11e9-82cb-8dace84b32db",
  "personPosition": "Кудрявцева Н. А., Главный специалист отдела реализации государственных программ в сфере жилищно-коммунального хозяйства",
  "person_org_eval": "соисполнитель - Кудрявцева Н.А. (Правительство Республики Марий Эл)",
  "position": "Главный специалист отдела реализации государственных программ в сфере жилищно-коммунального хозяйства",
  "___workflowStatus": {}
}