{
  "id": "b7266fa0-7796-11e9-82cb-8dace84b32db",
  "_class": "employee@pm-gov-ru",
  "_classVer": "",
  "branch": null,
  "createDatet": "2019-05-16T04:54:41.306Z",
  "creator": "admin@local",
  "evaluationPerformByEmployee": [],
  "modifeDate": "2019-05-16T04:54:41.306Z",
  "organization": "b53db270-7796-11e9-82cb-8dace84b32db",
  "organization_eval": "Правительство Республики Марий Эл",
  "person": "4603ba80-7796-11e9-82cb-8dace84b32db",
  "personPosition": "Сальников А. А., Временно исполняющий обязанности Первого Заместителя Председателя Правительства Республики Марий Эл",
  "person_org_eval": "соисполнитель - Сальников А.А. (Правительство Республики Марий Эл)",
  "position": "Временно исполняющий обязанности Первого Заместителя Председателя Правительства Республики Марий Эл",
  "range": null,
  "___workflowStatus": {}
}