{
  "id": "d5522140-7796-11e9-82cb-8dace84b32db",
  "_class": "employee@pm-gov-ru",
  "_classVer": "",
  "branch": null,
  "createDatet": "2019-05-16T04:55:31.923Z",
  "creator": "admin@local",
  "evaluationPerformByEmployee": [],
  "modifeDate": "2019-05-16T04:55:31.923Z",
  "organization": "b53db270-7796-11e9-82cb-8dace84b32db",
  "organization_eval": "Правительство Республики Марий Эл",
  "person": "c2953970-7796-11e9-82cb-8dace84b32db",
  "personPosition": "Хижняк К. А., Заместитель министра строительства, архитектуры и жилищно-коммунального хозяйства",
  "person_org_eval": "соисполнитель - Хижняк К.А. (Правительство Республики Марий Эл)",
  "position": "Заместитель министра строительства, архитектуры и жилищно-коммунального хозяйства",
  "___workflowStatus": {}
}