{
  "id": "97491300-776d-11e9-8f14-55db6cd0450a",
  "_class": "employee@pm-gov-ru",
  "_classVer": "",
  "branch": null,
  "createDatet": "2019-05-16T00:00:18.480Z",
  "creator": "admin@local",
  "evaluationPerformByEmployee": [],
  "modifeDate": "2019-05-16T00:00:18.480Z",
  "organization": "d4ea50d0-776c-11e9-8f14-55db6cd0450a",
  "organization_eval": "Правительство Алтайского края",
  "person": "596850a0-776d-11e9-8f14-55db6cd0450a",
  "personPosition": "Спивак Игорь Викторович, Начальник управления строительства и территориального планирования Министерства строительства, транспорта и жилищно-коммунального хозяйства Алтайского края",
  "person_org_eval": "соисполнитель - Спивак И.В. (Правительство Алтайского края)",
  "position": "Начальник управления строительства и территориального планирования Министерства строительства, транспорта и жилищно-коммунального хозяйства Алтайского края",
  "___workflowStatus": {}
}