{
  "id": "d9eb4a80-776c-11e9-8f14-55db6cd0450a",
  "_class": "employee@pm-gov-ru",
  "_classVer": "",
  "branch": null,
  "createDatet": "2019-05-15T23:55:00.776Z",
  "creator": "admin@local",
  "evaluationPerformByEmployee": [],
  "modifeDate": "2019-05-15T23:55:00.776Z",
  "organization": "d4ea50d0-776c-11e9-8f14-55db6cd0450a",
  "organization_eval": "Правительство Алтайского края",
  "person": "8b00ce90-776c-11e9-8f14-55db6cd0450a",
  "personPosition": "Гилев Иван Васильевич, Министр строительства и жилищно-коммунального хозяйства Алтайского края",
  "person_org_eval": "соисполнитель - Гилев И.В. (Правительство Алтайского края)",
  "position": "Министр строительства и жилищно-коммунального хозяйства Алтайского края",
  "___workflowStatus": {}
}