{
  "id": "18812180-776c-11e9-8f14-55db6cd0450a",
  "_class": "employee@pm-gov-ru",
  "_classVer": "",
  "branch": null,
  "createDatet": "2019-05-15T23:49:36.280Z",
  "creator": "admin@local",
  "editor": "demo@local",
  "evaluationPerformByEmployee": [],
  "modifeDate": "2019-06-27T22:29:00.108Z",
  "organization": "f3a4f0e0-992a-11e9-9b0a-f1e89630b2a1",
  "organization_eval": "Правительство Алтайского края",
  "person": "c2a74430-777d-11e9-bc69-0d1156436b93",
  "personPosition": "Томенко Виктор Петрович, Губернатор Алтайского края, Председатель Правительства Алтайского края",
  "person_org_eval": "соисполнитель - Томенко В.П. (Правительство Алтайского края)",
  "position": "Губернатор Алтайского края, Председатель Правительства Алтайского края",
  "___workflowStatus": {}
}