{
  "id": "5fad7b90-7798-11e9-82cb-8dace84b32db",
  "_class": "employee@pm-gov-ru",
  "_classVer": "",
  "branch": null,
  "createDatet": "2019-05-16T05:06:33.545Z",
  "creator": "admin@local",
  "evaluationPerformByEmployee": [],
  "modifeDate": "2019-05-16T05:06:33.545Z",
  "organization": "b53db270-7796-11e9-82cb-8dace84b32db",
  "organization_eval": "Правительство Республики Марий Эл",
  "person": "e539ac80-7797-11e9-82cb-8dace84b32db",
  "personPosition": "Лисаневич А. Н., Главный специалист отдела реализации государственных программ в сфере жилищно-коммунального хозяйства",
  "person_org_eval": "соисполнитель - Лисаневич А.Н. (Правительство Республики Марий Эл)",
  "position": "Главный специалист отдела реализации государственных программ в сфере жилищно-коммунального хозяйства",
  "___workflowStatus": {}
}