{
  "id": "c08290a0-7797-11e9-82cb-8dace84b32db",
  "_class": "employee@pm-gov-ru",
  "_classVer": "",
  "branch": null,
  "createDatet": "2019-05-16T05:02:06.506Z",
  "creator": "admin@local",
  "evaluationPerformByEmployee": [],
  "modifeDate": "2019-05-16T05:02:06.506Z",
  "organization": "b53db270-7796-11e9-82cb-8dace84b32db",
  "organization_eval": "Правительство Республики Марий Эл",
  "person": "b4695600-7797-11e9-82cb-8dace84b32db",
  "personPosition": "Шадрина О. М., Консультант отдела инвестиций, строительства и стройиндустрии",
  "person_org_eval": "соисполнитель - Шадрина О.М. (Правительство Республики Марий Эл)",
  "position": "Консультант отдела инвестиций, строительства и стройиндустрии",
  "___workflowStatus": {}
}