{
  "id": "ed66d550-7796-11e9-82cb-8dace84b32db",
  "_class": "employee@pm-gov-ru",
  "_classVer": "",
  "branch": null,
  "createDatet": "2019-05-16T04:56:12.325Z",
  "creator": "admin@local",
  "evaluationPerformByEmployee": [],
  "modifeDate": "2019-05-16T04:56:12.325Z",
  "organization": "b53db270-7796-11e9-82cb-8dace84b32db",
  "organization_eval": "Правительство Республики Марий Эл",
  "person": "e4e0ac80-7796-11e9-82cb-8dace84b32db",
  "personPosition": "Воронцова Н. Л., Начальник отдела инвестиций, строительства и стройиндустрии",
  "person_org_eval": "соисполнитель - Воронцова Н.Л. (Правительство Республики Марий Эл)",
  "position": "Начальник отдела инвестиций, строительства и стройиндустрии",
  "___workflowStatus": {}
}