{
  "id": "c885bbb0-7774-11e9-8f14-55db6cd0450a",
  "_class": "employee@pm-gov-ru",
  "_classVer": "",
  "branch": null,
  "createDatet": "2019-05-16T00:51:47.563Z",
  "creator": "admin@local",
  "evaluationPerformByEmployee": [],
  "modifeDate": "2019-05-16T00:51:47.563Z",
  "organization": "d4ea50d0-776c-11e9-8f14-55db6cd0450a",
  "organization_eval": "Правительство Алтайского края",
  "person": "b9b83680-7774-11e9-8f14-55db6cd0450a",
  "personPosition": "Четошникова Екатерина Викторовна, Начальник управления молодежной политики и реализации программ общественного развития Алтайского края",
  "person_org_eval": "соисполнитель - Четошникова Е.В. (Правительство Алтайского края)",
  "position": "Начальник управления молодежной политики и реализации программ общественного развития Алтайского края",
  "___workflowStatus": {}
}