{
  "id": "016b0a30-7797-11e9-82cb-8dace84b32db",
  "_class": "employee@pm-gov-ru",
  "_classVer": "",
  "branch": null,
  "createDatet": "2019-05-16T04:56:45.907Z",
  "creator": "admin@local",
  "evaluationPerformByEmployee": [],
  "modifeDate": "2019-06-27T22:47:41.365Z",
  "organization": "f3a4f0e0-992a-11e9-9b0a-f1e89630b2a1",
  "organization_eval": "Правительство Алтайского края",
  "person": "f5bc5130-7796-11e9-82cb-8dace84b32db",
  "personPosition": "Плотникова Е. А., Заместитель начальника инвестиций, строительства и стройиндустрии",
  "person_org_eval": "соисполнитель - Плотникова Е.А. (Правительство Алтайского края)",
  "position": "Заместитель начальника инвестиций, строительства и стройиндустрии",
  "editor": "demo@local",
  "___workflowStatus": {}
}