{
  "guid": "a6bf6610-7793-11e9-82cb-8dace84b32db",
  "_class": "eventControl@pm-gov-ru",
  "_classVer": "31",
  "achieved": false,
  "archive": false,
  "basicObj": "b79ea9b0-7792-11e9-82cb-8dace84b32db",
  "blocked": [
    "b79ea9b0-7792-11e9-82cb-8dace84b32db"
  ],
  "blocks": [
    "6b902f20-7793-11e9-82cb-8dace84b32db"
  ],
  "code": "HOUSINGALTAY-4",
  "coexecEvent": [],
  "coexecEventOrg": [],
  "coexec_eval": "\n",
  "countObjs": 0,
  "createDatet": "2019-05-16T04:32:45.297Z",
  "creator": "testOperator@local",
  "datePlannedEnd": "2019-06-30T14:00:00.000Z",
  "dateRefresh": "2019-06-28T06:58:35.055Z",
  "duration": "[{\"caption\":\"Плановая длительность\",\"value\":\"NaN\"},{\"caption\":\"Время до планового завершения\",\"value\":\"NaN\"}]",
  "editor": "demo@local",
  "formula_code": "HOUSINGALTAY",
  "head": null,
  "headEventBlock": "",
  "indicatorBasic": [],
  "indicatorFinancical": [],
  "interdepartmental": false,
  "internal": false,
  "levelOfControl": "projectCommittee",
  "modifeDate": "2019-06-28T06:58:35.055Z",
  "name": "Принято решение о выделении средств краевого бюджета на финансирование мероприятий подпрограммы 8 «Развитие территорий в целях жилищного строительства» на 2018–2020 годы",
  "num": 3,
  "numEvent": 8,
  "ownOrg": null,
  "owner": "97491300-776d-11e9-8f14-55db6cd0450a",
  "period": 0,
  "plan": "Объем средств утвержден законом о краевом бюджете на очередной финансовый год и плановый период",
  "priority": "normal",
  "problemReg": [],
  "progress": 0,
  "progressInput": 0,
  "project": "cd2addf0-776d-11e9-8f14-55db6cd0450a",
  "project_code": "HOUSINGALTAY",
  "purposes": [],
  "state": "fin",
  "typeEvent": "Проектное",
  "vidEvent": "Контрольная точка",
  "dateEnd": "2019-07-01T00:00:00.000Z",
  "___workflowStatus": {
    "eventBasic@pm-gov-ru": {
      "next": {},
      "workflowCaption": "Мероприятие",
      "stageCaption": "Планирование",
      "stage": "new"
    }
  }
}