{
  "guid": "e090a8c0-7795-11e9-82cb-8dace84b32db",
  "_class": "event@pm-gov-ru",
  "_classVer": "31",
  "achieved": false,
  "archive": false,
  "basicObj": "534d49b0-7794-11e9-82cb-8dace84b32db",
  "blocked": [
    "ac0cdca0-7794-11e9-82cb-8dace84b32db"
  ],
  "blocks": [
    "f7ed4ce0-7794-11e9-82cb-8dace84b32db"
  ],
  "code": "HOUSINGALTAY-8",
  "coexecEvent": [],
  "coexecEventOrg": [],
  "coexec_eval": "\n",
  "countObjs": 0,
  "createDatet": "2019-05-16T04:48:41.291Z",
  "creator": "testOperator@local",
  "curator": null,
  "datePlannedEnd": "2019-04-30T14:00:00.000Z",
  "datePlannedStart": "2019-03-01T00:00:00.000Z",
  "dateRefresh": "2019-06-28T06:58:37.768Z",
  "duration": "[{\"caption\":\"Плановая длительность\",\"value\":\"NaN\"},{\"caption\":\"Время до планового завершения\",\"value\":\"NaN\"}]",
  "editor": "demo@local",
  "formula_code": "HOUSINGALTAY",
  "head": null,
  "headEventBlock": "",
  "indicatorBasic": [],
  "indicatorFinancical": [],
  "interdepartmental": false,
  "internal": false,
  "modifeDate": "2019-06-28T06:58:37.768Z",
  "name": "Заключено соглашение между Министерством строительства и жилищно-коммунального хозяйства Российской Федерации и Правительством Алтайского края о предоставлении субсидии в соответствии с пунктами 18 и 19 приложения 6 к государственной программе Российской Федерации «Обеспечение доступным и комфортным жильем и коммунальными услугами граждан Российской Федерации», утвержденной постановлением Правительства Российской Федерации от 30.12.2017",
  "num": 3,
  "numEvent": 16,
  "ownOrg": null,
  "owner": "97491300-776d-11e9-8f14-55db6cd0450a",
  "period": 0,
  "plan": "Соглашение о предоставлении субсидий из федерального бюджета бюджету субъекта Российской Федерации на реализацию мероприятий по стимулированию программ развития жилищного строительства субъектов Российской Федерации",
  "priority": "normal",
  "problemReg": [],
  "progress": 0,
  "progressInput": 0,
  "project": "cd2addf0-776d-11e9-8f14-55db6cd0450a",
  "project_code": "HOUSINGALTAY",
  "purposes": [],
  "state": "fin",
  "typeEvent": "Проектное",
  "vidEvent": "Мероприятие",
  "___workflowStatus": {
    "eventBasic@pm-gov-ru": {
      "next": {},
      "workflowCaption": "Мероприятие",
      "stageCaption": "Планирование",
      "stage": "new"
    }
  }
}