{
  "guid": "6b902f20-7793-11e9-82cb-8dace84b32db",
  "_class": "event@pm-gov-ru",
  "_classVer": "31",
  "achieved": false,
  "archive": false,
  "basicObj": "b79ea9b0-7792-11e9-82cb-8dace84b32db",
  "blocked": [
    "a6bf6610-7793-11e9-82cb-8dace84b32db"
  ],
  "blocks": [
    "dad5b540-7792-11e9-82cb-8dace84b32db"
  ],
  "code": "HOUSINGALTAY-3",
  "coexecEvent": [],
  "coexecEventOrg": [],
  "coexec_eval": "\n",
  "countObjs": 0,
  "createDatet": "2019-05-16T04:31:06.001Z",
  "creator": "testOperator@local",
  "curator": null,
  "datePlannedEnd": "2019-09-30T14:00:00.000Z",
  "datePlannedStart": "2019-07-01T00:00:00.000Z",
  "dateRefresh": "2019-06-28T06:58:34.403Z",
  "duration": "[{\"caption\":\"Плановая длительность\",\"value\":\"NaN\"},{\"caption\":\"Время до планового завершения\",\"value\":\"NaN\"}]",
  "editor": "demo@local",
  "formula_code": "HOUSINGALTAY",
  "head": null,
  "headEventBlock": "",
  "indicatorBasic": [],
  "indicatorFinancical": [],
  "interdepartmental": false,
  "internal": false,
  "levelOfControl": "headProject",
  "modifeDate": "2019-06-28T06:58:34.403Z",
  "name": "Подготовлено обоснование объемов финансовой поддержки реализации проектов жилой застройки на указанных земельных участках за счет средств краевого бюджета (по годам), включая создание механизма софинансирования строительства объектов социальной и инженерной инфраструктуры в соответствии с постановлением Администрации Алтайского края от 05.08.2009 № 348 «Об утверждении порядка формирования и реализации краевой адресной инвестиционной программы, оценки социальной и бюджетной эффективности инвестиционных проектов, планируемых к реализации с участием средств бюджета Алтайского края»",
  "num": 2,
  "numEvent": 6,
  "ownOrg": null,
  "owner": "97491300-776d-11e9-8f14-55db6cd0450a",
  "period": 0,
  "plan": "Справка - обоснование объемов финансовой поддержки реализации проектов жилой застройки на указанных земельных участках",
  "priority": "normal",
  "problemReg": [],
  "progress": 0,
  "progressInput": 0,
  "project": "cd2addf0-776d-11e9-8f14-55db6cd0450a",
  "project_code": "HOUSINGALTAY",
  "purposes": [],
  "state": "fin",
  "typeEvent": "Проектное",
  "vidEvent": "Мероприятие",
  "___workflowStatus": {
    "eventBasic@pm-gov-ru": {
      "next": {},
      "workflowCaption": "Мероприятие",
      "stageCaption": "Планирование",
      "stage": "new"
    }
  }
}