{
  "guid": "534d49b0-7794-11e9-82cb-8dace84b32db",
  "_class": "eventBlock@pm-gov-ru",
  "_classVer": "31",
  "achieved": false,
  "archive": false,
  "basicObj": "b72bd830-9953-11e9-9b0a-f1e89630b2a1",
  "blocked": [],
  "blocks": [
    "b79ea9b0-7792-11e9-82cb-8dace84b32db"
  ],
  "code": "HOUSINGALTAY-5",
  "coexecEvent": [],
  "coexecEventOrg": [],
  "coexec_eval": "\n",
  "countObjs": 3,
  "createDatet": "2019-05-16T04:37:34.795Z",
  "creator": "testOperator@local",
  "curator": null,
  "datePlannedEnd": "2019-06-30T14:00:00.000Z",
  "datePlannedStart": "2019-01-01T00:00:00.000Z",
  "dateRefresh": "2019-06-28T06:58:35.578Z",
  "duration": "[{\"caption\":\"Плановая длительность\",\"value\":\"180\"},{\"caption\":\"Время до планового завершения\",\"value\":\"2\"}]",
  "formula_code": "HOUSINGALTAY",
  "head": null,
  "headEventBlock": "",
  "indicatorBasic": [],
  "indicatorFinancical": [],
  "interdepartmental": false,
  "internal": false,
  "modifeDate": "2019-06-28T06:58:35.578Z",
  "name": "Подана заявка Алтайского края на участие в конкурсном отборе субъектов Российской Федерации в реализации приоритетного проекта «Ипотека и арендное жилье» в рамках государственной программы «Обеспечение доступным и комфортным жильем и коммунальными услугами граждан Российской Федерации», утвержденной постановлением Правительства Российской Федерации от 30.12.2017 № 1710",
  "num": 2,
  "numEvent": 10,
  "ownOrg": null,
  "owner": "016b0a30-7797-11e9-82cb-8dace84b32db",
  "period": 0,
  "priority": "normal",
  "problemReg": [],
  "progress": 0,
  "progressInput": 0,
  "project": "cd2addf0-776d-11e9-8f14-55db6cd0450a",
  "project_code": "HOUSINGALTAY",
  "purposes": [],
  "state": "fin",
  "typeEvent": "Проектное",
  "vidEvent": "Блок мероприятий",
  "editor": "demo@local",
  "___workflowStatus": {
    "eventBasic@pm-gov-ru": {
      "next": {},
      "workflowCaption": "Мероприятие",
      "stageCaption": "Планирование",
      "stage": "new"
    }
  }
}