{
  "guid": "f7ed4ce0-7794-11e9-82cb-8dace84b32db",
  "_class": "event@pm-gov-ru",
  "_classVer": "31",
  "achieved": false,
  "archive": false,
  "basicObj": "534d49b0-7794-11e9-82cb-8dace84b32db",
  "blocked": [
    "e090a8c0-7795-11e9-82cb-8dace84b32db"
  ],
  "blocks": [],
  "code": "HOUSINGALTAY-7",
  "coexecEvent": [],
  "coexecEventOrg": [],
  "coexec_eval": "\n",
  "countObjs": 0,
  "createDatet": "2019-05-16T04:42:10.989Z",
  "creator": "testOperator@local",
  "curator": null,
  "datePlannedEnd": "2019-06-30T14:00:00.000Z",
  "datePlannedStart": "2019-05-01T00:00:00.000Z",
  "dateRefresh": "2019-06-28T06:58:37.278Z",
  "duration": "[{\"caption\":\"Плановая длительность\",\"value\":\"NaN\"},{\"caption\":\"Время до планового завершения\",\"value\":\"NaN\"}]",
  "editor": "demo@local",
  "formula_code": "HOUSINGALTAY",
  "head": null,
  "headEventBlock": "",
  "indicatorBasic": [],
  "indicatorFinancical": [],
  "interdepartmental": false,
  "internal": false,
  "levelOfControl": "headProject",
  "modifeDate": "2019-06-28T06:58:37.278Z",
  "name": "Подана заявка Алтайского края на участие в конкурсном отборе субъектов Российской Федерации в реализации приоритетного проекта «Ипотека и арендное жилье» в рамках государственной программы «Обеспечение доступным и комфортным жильем и коммунальными услугами граждан Российской Федерации», утвержденной постановлением Правительства Российской Федерации от 30.12.2017 № 1710",
  "num": 2,
  "numEvent": 14,
  "ownOrg": null,
  "owner": "97491300-776d-11e9-8f14-55db6cd0450a",
  "period": 0,
  "plan": "Заявка Алтайского края на участие в конкурсном отборе",
  "priority": "normal",
  "problemReg": [],
  "progress": 0,
  "progressInput": 0,
  "project": "cd2addf0-776d-11e9-8f14-55db6cd0450a",
  "project_code": "HOUSINGALTAY",
  "purposes": [],
  "state": "fin",
  "typeEvent": "Проектное",
  "vidEvent": "Мероприятие",
  "___workflowStatus": {
    "eventBasic@pm-gov-ru": {
      "next": {},
      "workflowCaption": "Мероприятие",
      "stageCaption": "Планирование",
      "stage": "new"
    }
  }
}