{
  "objectBasic": "d6603580-997a-11e9-9b0a-f1e89630b2a1",
  "planFinSub": true,
  "type": "build",
  "head": "97491300-776d-11e9-8f14-55db6cd0450a",
  "grbs": "c6e1fa90-9951-11e9-9b0a-f1e89630b2a1",
  "ownOrg": "f3a4f0e0-992a-11e9-9b0a-f1e89630b2a1",
  "teh_cust": "f3a4f0e0-992a-11e9-9b0a-f1e89630b2a1",
  "mo": null,
  "name": "Закладка фундамента",
  "datePlannedStart": "2019-06-03T00:00:00.000Z",
  "datePlannedEnd": "2019-06-30T00:00:00.000Z",
  "createDatet": "2019-06-28T08:03:14.158Z",
  "modifeDate": "2019-06-28T08:15:14.747Z",
  "guid": "2de5e8e0-997b-11e9-9b0a-f1e89630b2a1",
  "indicatorFinancical": [],
  "priority": "normal",
  "state": "new",
  "archive": false,
  "roadMap": false,
  "owner": "97491300-776d-11e9-8f14-55db6cd0450a",
  "coexecEventOrg": [],
  "coexecEvent": [],
  "purposes": [],
  "problemReg": [],
  "indicatorBasic": [
    "f9bc6df0-779c-11e9-82cb-8dace84b32db"
  ],
  "blocked": [],
  "blocks": [],
  "progressInput": 0,
  "progress": 0,
  "period": 0,
  "interdepartmental": false,
  "achieved": false,
  "internal": false,
  "code": "de5e8",
  "project_code": "de5e8",
  "typeEvent": "Не проектное",
  "project": null,
  "vidEvent": "Мероприятие по объекту включенного в АИП",
  "num": 63,
  "numEvent": 36,
  "_class": "eventObject@pm-gov-ru",
  "_classVer": "31",
  "creator": "operator@local",
  "coexec_eval": "Правительство Алтайского края\n",
  "countObjs": 0,
  "dateRefresh": "2019-06-28T08:15:14.747Z",
  "duration": "[{\"caption\":\"Плановая длительность\",\"value\":\"NaN\"},{\"caption\":\"Время до планового завершения\",\"value\":\"NaN\"}]",
  "formula_code": "de5e8",
  "headEventBlock": "Спивак И.В., Начальник управления строительства и территориального планирования Министерства строительства, транспорта и жилищно-коммунального хозяйства Алтайского края",
  "editor": "operator@local",
  "___workflowStatus": {
    "eventBasic@pm-gov-ru": {
      "next": {
        "newInWork": {
          "name": "newInWork",
          "caption": "В работу",
          "signBefore": false,
          "signAfter": false
        }
      },
      "workflowCaption": "Мероприятие",
      "stageCaption": "Планирование",
      "stage": "new"
    }
  }
}