{
  "guid": "97a23610-779a-11e9-82cb-8dace84b32db",
  "_class": "eventControl@pm-gov-ru",
  "_classVer": "31",
  "achieved": false,
  "archive": false,
  "basicObj": "80ba6940-779a-11e9-82cb-8dace84b32db",
  "blocked": [],
  "blocks": [],
  "code": "zhilieMarEl-8",
  "coexecEvent": [],
  "coexecEventOrg": [],
  "coexec_eval": "\n",
  "countObjs": 0,
  "createDatet": "2019-05-16T05:22:26.417Z",
  "creator": "admin@local",
  "datePlannedEnd": "2019-02-01T00:00:00.000Z",
  "dateRefresh": "2019-05-16T05:23:11.202Z",
  "duration": "[{\"caption\":\"Плановая длительность\",\"value\":\"NaN\"},{\"caption\":\"Время до планового завершения\",\"value\":\"NaN\"}]",
  "editor": "admin@local",
  "formula_code": "zhilieMarEl",
  "head": "ed66d550-7796-11e9-82cb-8dace84b32db",
  "headEventBlock": "e4e0ac80-7796-11e9-82cb-8dace84b32db, Начальник отдела инвестиций, строительства и стройиндустрии",
  "indicatorBasic": [],
  "indicatorFinancical": [],
  "interdepartmental": false,
  "internal": false,
  "modifeDate": "2019-05-16T05:23:11.202Z",
  "name": "Обеспечен ввод жилья на территории Республики Марий Эл",
  "num": 1,
  "numEvent": 39,
  "period": 0,
  "plan": "Отчет представлен в\nПравительство\nРеспублики Марий Эл",
  "priority": "normal",
  "problemReg": [],
  "progress": 0,
  "progressInput": 0,
  "project": "8db6c5d0-7777-11e9-b697-5dcc0f00a571",
  "project_code": "zhilieMarEl",
  "purposes": [],
  "state": "new",
  "typeEvent": "Проектное",
  "vidEvent": "Контрольная точка",
  "___workflowStatus": {
    "eventBasic@pm-gov-ru": {
      "next": {
        "newInWork": {
          "name": "newInWork",
          "caption": "В работу",
          "signBefore": false,
          "signAfter": false
        }
      },
      "workflowCaption": "Мероприятие",
      "stageCaption": "Планирование",
      "stage": "new"
    }
  }
}