{
  "guid": "ca1cba20-779a-11e9-82cb-8dace84b32db",
  "_class": "event@pm-gov-ru",
  "_classVer": "31",
  "achieved": false,
  "archive": false,
  "basicObj": "8db6c5d0-7777-11e9-b697-5dcc0f00a571",
  "blocked": [],
  "blocks": [],
  "code": "zhilieMarEl-9",
  "coexecEvent": [],
  "coexecEventOrg": [],
  "coexec_eval": "\n",
  "countObjs": 1,
  "createDatet": "2019-05-16T05:23:51.105Z",
  "creator": "admin@local",
  "curator": null,
  "datePlannedEnd": "2024-04-01T00:00:00.000Z",
  "datePlannedStart": "2019-01-01T00:00:00.000Z",
  "dateRefresh": "2019-05-16T05:28:02.895Z",
  "duration": "[{\"caption\":\"Плановая длительность\",\"value\":\"NaN\"},{\"caption\":\"Время до планового завершения\",\"value\":\"-45\"}]",
  "editor": "admin@local",
  "formula_code": "zhilieMarEl",
  "head": null,
  "headEventBlock": "",
  "indicatorBasic": [],
  "indicatorFinancical": [],
  "interdepartmental": false,
  "internal": false,
  "modifeDate": "2019-05-16T05:28:02.895Z",
  "name": "Обеспечены жильем граждане (семьи) проживающие на территории Республики Марий Эл",
  "num": 5,
  "numEvent": 41,
  "owner": "ed66d550-7796-11e9-82cb-8dace84b32db",
  "period": 0,
  "plan": "Отчет представлен в\nПравительство\nРеспублики Марий Эл",
  "priority": "normal",
  "problemReg": [],
  "progress": 0,
  "progressInput": 0,
  "project": "8db6c5d0-7777-11e9-b697-5dcc0f00a571",
  "project_code": "zhilieMarEl",
  "purposes": [],
  "state": "new",
  "typeEvent": "Проектное",
  "vidEvent": "Мероприятие",
  "___workflowStatus": {
    "eventBasic@pm-gov-ru": {
      "next": {
        "newInWork": {
          "name": "newInWork",
          "caption": "В работу",
          "signBefore": false,
          "signAfter": false
        }
      },
      "workflowCaption": "Мероприятие",
      "stageCaption": "Планирование",
      "stage": "new"
    },
    "projDepart_event@pm-gov-ru": {
      "next": {},
      "workflowCaption": "Мероприятия ведомственных проектов",
      "stageCaption": "Закрыт",
      "stage": "close"
    }
  }
}