{
  "guid": "fbb11960-7799-11e9-82cb-8dace84b32db",
  "_class": "eventControl@pm-gov-ru",
  "_classVer": "31",
  "achieved": false,
  "archive": false,
  "basicObj": "d70966d0-7799-11e9-82cb-8dace84b32db",
  "blocked": [],
  "blocks": [],
  "code": "zhilieMarEl-4",
  "coexecEvent": [],
  "coexecEventOrg": [],
  "coexec_eval": "\n",
  "countObjs": 0,
  "createDatet": "2019-05-16T05:18:04.789Z",
  "creator": "admin@local",
  "datePlannedEnd": "2019-02-15T00:00:00.000Z",
  "dateRefresh": "2019-05-16T05:18:12.595Z",
  "duration": "[{\"caption\":\"Плановая длительность\",\"value\":\"NaN\"},{\"caption\":\"Время до планового завершения\",\"value\":\"NaN\"}]",
  "formula_code": "zhilieMarEl",
  "head": "ed66d550-7796-11e9-82cb-8dace84b32db",
  "headEventBlock": "e4e0ac80-7796-11e9-82cb-8dace84b32db, Начальник отдела инвестиций, строительства и стройиндустрии",
  "indicatorBasic": [],
  "indicatorFinancical": [],
  "interdepartmental": false,
  "internal": false,
  "modifeDate": "2019-05-16T05:18:12.595Z",
  "name": "Соглашение о предоставлении субсидии из федерального бюджета на реализацию мероприятий программ развития жилищного строительства Республики Марий Эл подписано",
  "num": 1,
  "numEvent": 28,
  "period": 0,
  "priority": "normal",
  "problemReg": [],
  "progress": 0,
  "progressInput": 0,
  "project": "8db6c5d0-7777-11e9-b697-5dcc0f00a571",
  "project_code": "zhilieMarEl",
  "purposes": [],
  "state": "new",
  "typeEvent": "Проектное",
  "vidEvent": "Контрольная точка",
  "___workflowStatus": {
    "eventBasic@pm-gov-ru": {
      "next": {
        "newInWork": {
          "name": "newInWork",
          "caption": "В работу",
          "signBefore": false,
          "signAfter": false
        }
      },
      "workflowCaption": "Мероприятие",
      "stageCaption": "Планирование",
      "stage": "new"
    }
  }
}