{
  "guid": "408b2300-779a-11e9-82cb-8dace84b32db",
  "_class": "event@pm-gov-ru",
  "_classVer": "31",
  "achieved": false,
  "archive": false,
  "basicObj": "8db6c5d0-7777-11e9-b697-5dcc0f00a571",
  "blocked": [],
  "blocks": [],
  "code": "zhilieMarEl-5",
  "coexecEvent": [],
  "coexecEventOrg": [],
  "coexec_eval": "\n",
  "countObjs": 1,
  "createDatet": "2019-05-16T05:20:00.303Z",
  "creator": "admin@local",
  "curator": null,
  "datePlannedEnd": "2024-12-31T00:00:00.000Z",
  "datePlannedStart": "2019-12-31T00:00:00.000Z",
  "dateRefresh": "2019-05-16T05:28:00.213Z",
  "duration": "[{\"caption\":\"Плановая длительность\",\"value\":\"NaN\"},{\"caption\":\"Время до планового завершения\",\"value\":\"228\"}]",
  "editor": "admin@local",
  "formula_code": "zhilieMarEl",
  "head": null,
  "headEventBlock": "",
  "indicatorBasic": [],
  "indicatorFinancical": [],
  "interdepartmental": false,
  "internal": false,
  "modifeDate": "2019-05-16T05:28:00.213Z",
  "name": "Обеспечено достижение целевых показателей, предусмотренных целевой моделью «Получение разрешения на строительство и территориальное планирование",
  "num": 3,
  "numEvent": 30,
  "owner": "d7378da0-7797-11e9-82cb-8dace84b32db",
  "period": 0,
  "plan": "Внесены изменения в\nадминистративные\nрегламенты\nпредоставления\nуслуги по получению\nразрешения на\nстроительство",
  "priority": "normal",
  "problemReg": [],
  "progress": 0,
  "progressInput": 0,
  "project": "8db6c5d0-7777-11e9-b697-5dcc0f00a571",
  "project_code": "zhilieMarEl",
  "purposes": [],
  "state": "new",
  "typeEvent": "Проектное",
  "vidEvent": "Мероприятие",
  "___workflowStatus": {
    "eventBasic@pm-gov-ru": {
      "next": {
        "newInWork": {
          "name": "newInWork",
          "caption": "В работу",
          "signBefore": false,
          "signAfter": false
        }
      },
      "workflowCaption": "Мероприятие",
      "stageCaption": "Планирование",
      "stage": "new"
    },
    "projDepart_event@pm-gov-ru": {
      "next": {},
      "workflowCaption": "Мероприятия ведомственных проектов",
      "stageCaption": "Закрыт",
      "stage": "close"
    }
  }
}