{
  "guid": "ac0cdca0-7794-11e9-82cb-8dace84b32db",
  "_class": "event@pm-gov-ru",
  "_classVer": "31",
  "achieved": false,
  "archive": false,
  "basicObj": "534d49b0-7794-11e9-82cb-8dace84b32db",
  "blocked": [],
  "blocks": [
    "e090a8c0-7795-11e9-82cb-8dace84b32db"
  ],
  "code": "HOUSINGALTAY-6",
  "coexecEvent": [],
  "coexecEventOrg": [],
  "coexec_eval": "\n",
  "countObjs": 0,
  "createDatet": "2019-05-16T04:40:03.689Z",
  "creator": "testOperator@local",
  "curator": null,
  "datePlannedEnd": "2019-02-28T14:00:00.000Z",
  "datePlannedStart": "2019-01-01T00:00:00.000Z",
  "dateRefresh": "2019-06-28T06:58:36.494Z",
  "duration": "[{\"caption\":\"Плановая длительность\",\"value\":\"NaN\"},{\"caption\":\"Время до планового завершения\",\"value\":\"NaN\"}]",
  "editor": "demo@local",
  "formula_code": "HOUSINGALTAY",
  "head": null,
  "headEventBlock": "",
  "indicatorBasic": [],
  "indicatorFinancical": [],
  "interdepartmental": false,
  "internal": false,
  "levelOfControl": "headProject",
  "modifeDate": "2019-06-28T06:58:36.494Z",
  "name": "Проведен отбор заявок на участие в реализации мероприятий по стимулированию программ развития жилищного строительства субъектов Российской Федерации",
  "num": 1,
  "numEvent": 12,
  "ownOrg": null,
  "owner": "97491300-776d-11e9-8f14-55db6cd0450a",
  "period": 0,
  "plan": "Заявка на участие в реализации мероприятий по\nстимулированию программ\nразвития жилищного строительства",
  "priority": "normal",
  "problemReg": [],
  "progress": 0,
  "progressInput": 0,
  "project": "cd2addf0-776d-11e9-8f14-55db6cd0450a",
  "project_code": "HOUSINGALTAY",
  "purposes": [],
  "state": "fin",
  "typeEvent": "Проектное",
  "vidEvent": "Мероприятие",
  "___workflowStatus": {
    "eventBasic@pm-gov-ru": {
      "next": {},
      "workflowCaption": "Мероприятие",
      "stageCaption": "Планирование",
      "stage": "new"
    }
  }
}