{
  "curator": null,
  "head": null,
  "name": "Принято решение о выделении средств краевого бюджета на финансирование мероприятий подпрограммы 8 «Развитие территорий в целях жилищного строительства» на 2018–2020 годы",
  "datePlannedStart": "2019-07-01T00:00:00.000Z",
  "datePlannedEnd": "2019-12-30T00:00:00.000Z",
  "basicObj": "2c93d720-995f-11e9-9b0a-f1e89630b2a1",
  "createDatet": "2019-06-28T05:27:43.277Z",
  "modifeDate": "2019-06-28T05:27:43.277Z",
  "guid": "74429ce0-9965-11e9-9b0a-f1e89630b2a1",
  "indicatorFinancical": [],
  "priority": "normal",
  "state": "new",
  "archive": false,
  "owner": "97491300-776d-11e9-8f14-55db6cd0450a",
  "ownOrg": null,
  "coexecEvent": [],
  "coexecEventOrg": [],
  "purposes": [],
  "problemReg": [],
  "indicatorBasic": [],
  "blocked": [],
  "blocks": [],
  "progressInput": 0,
  "progress": 0,
  "period": 0,
  "achieved": false,
  "internal": false,
  "interdepartmental": false,
  "code": "HOUSEINGINALTAY-1",
  "project_code": "HOUSEINGINALTAY",
  "project": "2c93d720-995f-11e9-9b0a-f1e89630b2a1",
  "vidEvent": "Блок мероприятий",
  "typeEvent": "Проектное",
  "num": 1,
  "numEvent": 30,
  "_class": "eventBlock@pm-gov-ru",
  "_classVer": "31",
  "creator": "operator@local",
  "coexec_eval": "\n",
  "countObjs": 0,
  "dateRefresh": "2019-06-28T05:27:43.277Z",
  "duration": "[{\"caption\":\"Плановая длительность\",\"value\":\"NaN\"},{\"caption\":\"Время до планового завершения\",\"value\":\"NaN\"}]",
  "formula_code": "HOUSEINGINALTAY",
  "headEventBlock": "",
  "___workflowStatus": {
    "eventBasic@pm-gov-ru": {
      "next": {
        "newInWork": {
          "name": "newInWork",
          "caption": "В работу",
          "signBefore": false,
          "signAfter": false
        }
      },
      "workflowCaption": "Мероприятие",
      "stageCaption": "Планирование",
      "stage": "new"
    }
  }
}