{
  "guid": "b79ea9b0-7792-11e9-82cb-8dace84b32db",
  "_class": "eventBlock@pm-gov-ru",
  "_classVer": "31",
  "achieved": false,
  "archive": false,
  "basicObj": "b72bd830-9953-11e9-9b0a-f1e89630b2a1",
  "blocked": [
    "534d49b0-7794-11e9-82cb-8dace84b32db"
  ],
  "blocks": [
    "a6bf6610-7793-11e9-82cb-8dace84b32db"
  ],
  "code": "HOUSINGALTAY-1",
  "coexecEvent": [],
  "coexecEventOrg": [],
  "coexec_eval": "\n",
  "countObjs": 3,
  "createDatet": "2019-05-16T04:26:04.106Z",
  "creator": "testOperator@local",
  "curator": null,
  "datePlannedEnd": "2019-12-30T14:00:00.000Z",
  "datePlannedStart": "2019-07-01T00:00:00.000Z",
  "dateRefresh": "2019-06-28T06:58:32.353Z",
  "duration": "[{\"caption\":\"Плановая длительность\",\"value\":\"NaN\"},{\"caption\":\"Время до планового завершения\",\"value\":\"185\"}]",
  "formula_code": "HOUSINGALTAY",
  "head": null,
  "headEventBlock": "",
  "indicatorBasic": [],
  "indicatorFinancical": [],
  "interdepartmental": false,
  "internal": false,
  "modifeDate": "2019-06-28T06:58:32.353Z",
  "name": "Принято решение о выделении средств краевого бюджета на финансирование мероприятий подпрограммы 8 «Развитие территорий в целях жилищного строительства» на 2018–2020 годы",
  "num": 1,
  "numEvent": 2,
  "ownOrg": null,
  "owner": "016b0a30-7797-11e9-82cb-8dace84b32db",
  "period": 0,
  "priority": "normal",
  "problemReg": [],
  "progress": 25,
  "progressInput": 0,
  "project": "cd2addf0-776d-11e9-8f14-55db6cd0450a",
  "project_code": "HOUSINGALTAY",
  "purposes": [],
  "state": "fin",
  "typeEvent": "Проектное",
  "vidEvent": "Блок мероприятий",
  "editor": "demo@local",
  "___workflowStatus": {
    "eventBasic@pm-gov-ru": {
      "next": {},
      "workflowCaption": "Мероприятие",
      "stageCaption": "Планирование",
      "stage": "new"
    }
  }
}