{
  "guid": "ec7e7450-779a-11e9-82cb-8dace84b32db",
  "_class": "eventControl@pm-gov-ru",
  "_classVer": "31",
  "achieved": false,
  "archive": false,
  "basicObj": "ca1cba20-779a-11e9-82cb-8dace84b32db",
  "blocked": [],
  "blocks": [],
  "code": "zhilieMarEl-10",
  "coexecEvent": [],
  "coexecEventOrg": [],
  "coexec_eval": "\n",
  "countObjs": 0,
  "createDatet": "2019-05-16T05:24:48.788Z",
  "creator": "admin@local",
  "datePlannedEnd": "2019-04-01T00:00:00.000Z",
  "dateRefresh": "2019-05-16T05:27:55.015Z",
  "duration": "[{\"caption\":\"Плановая длительность\",\"value\":\"NaN\"},{\"caption\":\"Время до планового завершения\",\"value\":\"NaN\"}]",
  "editor": "admin@local",
  "formula_code": "zhilieMarEl",
  "head": "d5522140-7796-11e9-82cb-8dace84b32db",
  "headEventBlock": "c2953970-7796-11e9-82cb-8dace84b32db, Заместитель министра строительства, архитектуры и жилищно-коммунального хозяйства",
  "indicatorBasic": [],
  "indicatorFinancical": [],
  "interdepartmental": false,
  "internal": false,
  "modifeDate": "2019-05-16T05:27:55.015Z",
  "name": "Реализованы мероприятия по оказанию гражданам поддержки в улучшении жилищных условий, включая обеспечение жильем категорий граждан, установленных федеральным законодательством, и молодых семей на территории Республики Марий Эл",
  "num": 1,
  "numEvent": 46,
  "owner": "ed66d550-7796-11e9-82cb-8dace84b32db",
  "period": 0,
  "plan": "Отчет представлен в\nПравительство\nРеспублики Марий Эл",
  "priority": "normal",
  "problemReg": [],
  "progress": 0,
  "progressInput": 0,
  "project": "8db6c5d0-7777-11e9-b697-5dcc0f00a571",
  "project_code": "zhilieMarEl",
  "purposes": [],
  "state": "new",
  "typeEvent": "Проектное",
  "vidEvent": "Контрольная точка",
  "___workflowStatus": {
    "eventBasic@pm-gov-ru": {
      "next": {
        "newInWork": {
          "name": "newInWork",
          "caption": "В работу",
          "signBefore": false,
          "signAfter": false
        }
      },
      "workflowCaption": "Мероприятие",
      "stageCaption": "Планирование",
      "stage": "new"
    }
  }
}