{
  "guid": "607d15b0-779a-11e9-82cb-8dace84b32db",
  "_class": "eventControl@pm-gov-ru",
  "_classVer": "31",
  "achieved": false,
  "archive": false,
  "basicObj": "408b2300-779a-11e9-82cb-8dace84b32db",
  "blocked": [],
  "blocks": [],
  "code": "zhilieMarEl-6",
  "coexecEvent": [],
  "coexecEventOrg": [],
  "coexec_eval": "\n",
  "countObjs": 0,
  "createDatet": "2019-05-16T05:20:53.899Z",
  "creator": "admin@local",
  "datePlannedEnd": "2019-12-31T00:00:00.000Z",
  "dateRefresh": "2019-05-16T05:20:57.900Z",
  "duration": "[{\"caption\":\"Плановая длительность\",\"value\":\"NaN\"},{\"caption\":\"Время до планового завершения\",\"value\":\"NaN\"}]",
  "formula_code": "zhilieMarEl",
  "head": "d7378da0-7797-11e9-82cb-8dace84b32db",
  "headEventBlock": "ca0bd190-7797-11e9-82cb-8dace84b32db, Начальник отдела архитектуры и градостроительства",
  "indicatorBasic": [],
  "indicatorFinancical": [],
  "interdepartmental": false,
  "internal": false,
  "modifeDate": "2019-05-16T05:20:57.900Z",
  "name": "Сокращены сроки предоставления услуги по получению разрешения на строительство объектов жилищного строительств на территории Республики Марий Эл до 5 рабочих дней",
  "num": 1,
  "numEvent": 35,
  "period": 0,
  "priority": "normal",
  "problemReg": [],
  "progress": 0,
  "progressInput": 0,
  "project": "8db6c5d0-7777-11e9-b697-5dcc0f00a571",
  "project_code": "zhilieMarEl",
  "purposes": [],
  "state": "new",
  "typeEvent": "Проектное",
  "vidEvent": "Контрольная точка",
  "___workflowStatus": {
    "eventBasic@pm-gov-ru": {
      "next": {
        "newInWork": {
          "name": "newInWork",
          "caption": "В работу",
          "signBefore": false,
          "signAfter": false
        }
      },
      "workflowCaption": "Мероприятие",
      "stageCaption": "Планирование",
      "stage": "new"
    }
  }
}