{
  "guid": "dad5b540-7792-11e9-82cb-8dace84b32db",
  "_class": "event@pm-gov-ru",
  "_classVer": "31",
  "achieved": false,
  "archive": false,
  "basicObj": "b79ea9b0-7792-11e9-82cb-8dace84b32db",
  "blocked": [
    "6b902f20-7793-11e9-82cb-8dace84b32db"
  ],
  "blocks": [],
  "code": "HOUSINGALTAY-2",
  "coexecEvent": [],
  "coexecEventOrg": [],
  "coexec_eval": "\n",
  "countObjs": 0,
  "createDatet": "2019-05-16T04:27:03.188Z",
  "creator": "testOperator@local",
  "curator": null,
  "datePlannedEnd": "2019-12-30T14:00:00.000Z",
  "datePlannedStart": "2019-10-01T00:00:00.000Z",
  "dateRefresh": "2019-06-28T06:58:32.835Z",
  "duration": "[{\"caption\":\"Плановая длительность\",\"value\":\"NaN\"},{\"caption\":\"Время до планового завершения\",\"value\":\"NaN\"}]",
  "editor": "operator@local",
  "formula_code": "HOUSINGALTAY",
  "head": null,
  "headEventBlock": "",
  "indicatorBasic": [],
  "indicatorFinancical": [],
  "interdepartmental": false,
  "internal": false,
  "levelOfControl": "headProject",
  "modifeDate": "2019-06-28T06:58:32.835Z",
  "name": "Обобщена информация о площади неэффективно используемых земельных участков или земельных, подлежащих жилой застройке в рамках проектов развития застроенной территории, находящихся в федеральной собственности, собственности субъектов Российской Федерации и органов местного самоуправления",
  "num": 1,
  "numEvent": 4,
  "ownOrg": null,
  "owner": "97491300-776d-11e9-8f14-55db6cd0450a",
  "period": 0,
  "plan": "Справка о площади неэффективно используемых земельных участков или земельных, подлежащих жилой застройке в рамках проектов развития застроенной территории, находящихся в федеральной собственности, собственности субъектов Российской Федерации и органов местного самоуправления",
  "priority": "normal",
  "problemReg": [],
  "progress": 75,
  "progressInput": 75,
  "project": "cd2addf0-776d-11e9-8f14-55db6cd0450a",
  "project_code": "HOUSINGALTAY",
  "purposes": [],
  "state": "fin",
  "typeEvent": "Проектное",
  "vidEvent": "Мероприятие",
  "___workflowStatus": {
    "eventBasic@pm-gov-ru": {
      "stage": "work",
      "since": "2019-06-28T06:43:07.644Z",
      "next": {},
      "workflowCaption": "Мероприятие",
      "stageCaption": "В работе"
    }
  }
}