{
  "id": "deb12ed0-779f-11e9-82cb-8dace84b32db",
  "_class": "indicatorBudget@pm-gov-ru",
  "_classVer": "",
  "active": [],
  "archive": false,
  "baseDatePrint": null,
  "basicObj": "8db6c5d0-7777-11e9-b697-5dcc0f00a571",
  "budgetType": "krai",
  "createDatet": "2019-05-16T06:00:13.117Z",
  "creator": "admin@local",
  "dateEnd": "2019-02-15T00:00:00.000Z",
  "dateEndPrint": "15.02.2019",
  "dateStart": "2019-01-18T00:00:00.000Z",
  "dateStartPrint": "18.01.2019",
  "endProgress": false,
  "files": [],
  "grbs": "b53db270-7796-11e9-82cb-8dace84b32db",
  "increasing": false,
  "measureUnit": "384",
  "modifeDate": "2019-05-16T06:00:13.117Z",
  "needSign": false,
  "obj": "d70966d0-7799-11e9-82cb-8dace84b32db",
  "owner": "016b0a30-7797-11e9-82cb-8dace84b32db",
  "ownerValue": "016b0a30-7797-11e9-82cb-8dace84b32db",
  "periodType": "year",
  "project_code": "zhilieMarEl",
  "skipPlanned": false,
  "status": "edit",
  "sumValuePrintY1": "0",
  "sumValuePrintY2": "0",
  "sumValuePrintY3": "0",
  "sumValuePrintY4": "0",
  "sumValuePrintY5": "0",
  "sumValuePrintY6": "0",
  "sumValuePrintY7": "0",
  "typeIndicatorprint": "",
  "unitType": "fin",
  "valueType": true,
  "___workflowStatus": {
    "indicatorBasic@pm-gov-ru": {
      "next": {},
      "workflowCaption": "Согласование показателей",
      "stageCaption": "Редактирование",
      "stage": "edit"
    }
  }
}