{
  "id": "1073b4e0-779d-11e9-82cb-8dace84b32db",
  "_class": "indicatorValueDigital@pm-gov-ru",
  "_classVer": "",
  "archive": false,
  "cloudDate": "1970-01-01T00:00:00.000Z",
  "createDatet": "2019-05-16T05:40:08.110Z",
  "creator": "admin@local",
  "dateEnd": "2022-12-31T00:00:00.000Z",
  "dateStart": "2022-01-01T00:00:00.000Z",
  "endProgress": false,
  "indicatorBasic": "f9bc6df0-779c-11e9-82cb-8dace84b32db",
  "indicatorStatus": "edit",
  "measureType": "",
  "measureUnit": "ТЫС М2 ЖИЛ ПЛ",
  "modifeDate": "2019-05-16T05:40:08.110Z",
  "name": "Объем ввода жилья в многоквартирных жилых домах",
  "needSign": false,
  "objectBasic": "",
  "review": "normal",
  "state": "plan",
  "___workflowStatus": {
    "indicatorValueBasic@pm-gov-ru": {
      "next": {},
      "workflowCaption": "Согласование шаблона показателей",
      "stageCaption": "Планирование",
      "stage": "plan"
    }
  }
}