{
  "id": "8fd2ef40-779c-11e9-82cb-8dace84b32db",
  "_class": "indicatorValueDigital@pm-gov-ru",
  "_classVer": "",
  "archive": false,
  "cloudDate": "1970-01-01T00:00:00.000Z",
  "createDatet": "2019-05-16T05:36:32.308Z",
  "creator": "admin@local",
  "dateEnd": "2020-12-31T00:00:00.000Z",
  "dateStart": "2020-01-01T00:00:00.000Z",
  "editor": "admin@local",
  "endProgress": false,
  "indicatorBasic": "87d5cc90-779c-11e9-82cb-8dace84b32db",
  "indicatorStatus": "edit",
  "measureType": "",
  "measureUnit": "ТЫС М2 ЖИЛ ПЛ",
  "modifeDate": "2019-05-16T05:37:12.508Z",
  "name": "Объем жилищного строительства",
  "needSign": false,
  "objectBasic": "",
  "plannedValue": 582,
  "review": "normal",
  "state": "plan",
  "___workflowStatus": {
    "indicatorValueBasic@pm-gov-ru": {
      "next": {},
      "workflowCaption": "Согласование шаблона показателей",
      "stageCaption": "Планирование",
      "stage": "plan"
    }
  }
}