{
  "id": "f1f9bd30-7791-11e9-82cb-8dace84b32db",
  "_class": "indicatorValueBudget@pm-gov-ru",
  "_classVer": "",
  "archive": false,
  "budgetType": "federal",
  "cloudDate": "1970-01-01T00:00:00.000Z",
  "createDatet": "2019-05-16T04:20:32.515Z",
  "creator": "testOperator@local",
  "dateEnd": "2018-12-31T00:00:00.000Z",
  "dateStart": "2018-01-01T00:00:00.000Z",
  "desiredValue": 288.3,
  "editor": "testOperator@local",
  "endProgress": false,
  "increasing": false,
  "indicatorBasic": "f1e7e2e0-7791-11e9-82cb-8dace84b32db",
  "indicatorStatus": "edit",
  "measureType": "",
  "measureUnit": "ТЫС РУБ",
  "modifeDate": "2019-05-16T04:54:13.907Z",
  "name": "",
  "needSign": false,
  "objectBasic": "",
  "plannedValue": 288.3,
  "review": "normal",
  "state": "plan",
  "value": 288.3,
  "___workflowStatus": {
    "indicatorValueBasic@pm-gov-ru": {
      "next": {},
      "workflowCaption": "Согласование шаблона показателей",
      "stageCaption": "Планирование",
      "stage": "plan"
    }
  }
}