{
  "id": "b86360a0-778f-11e9-82cb-8dace84b32db",
  "_class": "indicatorFinancial@pm-gov-ru",
  "_classVer": "",
  "active": [],
  "archive": false,
  "baseDatePrint": null,
  "budgetType": "munic",
  "confirm": null,
  "createDatet": "2019-05-16T04:04:36.906Z",
  "creator": "admin@local",
  "dateEnd": "2024-12-31T00:00:00.000Z",
  "dateStart": "2018-01-01T00:00:00.000Z",
  "editor": "admin@local",
  "endProgress": false,
  "featureIndicator": "",
  "files": [],
  "head": "97491300-776d-11e9-8f14-55db6cd0450a",
  "headValue": "97491300-776d-11e9-8f14-55db6cd0450a",
  "increasing": false,
  "measureType": null,
  "measureUnit": "058",
  "modifeDate": "2019-06-28T08:05:28.733Z",
  "name": "Ввод жилья в многоквартирных жилых домах, тыс. кв. метров",
  "needSign": false,
  "objectBasic": "d6603580-997a-11e9-9b0a-f1e89630b2a1",
  "owner": "97491300-776d-11e9-8f14-55db6cd0450a",
  "ownerValue": "97491300-776d-11e9-8f14-55db6cd0450a",
  "periodType": "year",
  "skipPlanned": false,
  "status": "edit",
  "sumValuePrintY1": "0",
  "sumValuePrintY2": "0",
  "sumValuePrintY3": "0",
  "sumValuePrintY4": "0",
  "sumValuePrintY5": "0",
  "sumValuePrintY6": "0",
  "sumValuePrintY7": "0",
  "typeIndicator": "852fecd0-778f-11e9-82cb-8dace84b32db",
  "typeIndicatorprint": "Основной",
  "unitType": "",
  "valueType": true,
  "___workflowStatus": {
    "indicatorBasic@pm-gov-ru": {
      "next": {},
      "workflowCaption": "Согласование показателей",
      "stageCaption": "Редактирование",
      "stage": "edit"
    }
  }
}