{
  "id": "c8a6bcf0-778f-11e9-82cb-8dace84b32db",
  "_class": "indicatorValueFinancial@pm-gov-ru",
  "_classVer": "",
  "archive": false,
  "budgetType": "munic",
  "cloudDate": "1970-01-01T00:00:00.000Z",
  "createDatet": "2019-05-16T04:05:04.190Z",
  "creator": "admin@local",
  "dateEnd": "2023-12-31T00:00:00.000Z",
  "dateStart": "2023-01-01T00:00:00.000Z",
  "endProgress": false,
  "increasing": false,
  "indicatorBasic": "b86360a0-778f-11e9-82cb-8dace84b32db",
  "indicatorStatus": "edit",
  "measureType": "",
  "measureUnit": "ТЫС М2",
  "modifeDate": "2019-05-16T04:05:04.190Z",
  "name": "Ввод жилья в многоквартирных жилых домах, тыс. кв. метров",
  "needSign": false,
  "objectBasic": "",
  "review": "normal",
  "state": "plan",
  "___workflowStatus": {
    "indicatorValueBasic@pm-gov-ru": {
      "next": {},
      "workflowCaption": "Согласование шаблона показателей",
      "stageCaption": "Планирование",
      "stage": "plan"
    }
  }
}