{
  "indicatorBasic": "ed6006e0-9969-11e9-9b0a-f1e89630b2a1",
  "dateStart": "2022-01-01T00:00:00.000Z",
  "dateEnd": "2022-12-31T00:00:00.000Z",
  "state": "plan",
  "review": "normal",
  "createDatet": "2019-06-28T05:59:45.625Z",
  "modifeDate": "2019-06-28T06:01:30.972Z",
  "id": "ee117c90-9969-11e9-9b0a-f1e89630b2a1",
  "endProgress": false,
  "archive": false,
  "_class": "indicatorValueBudget@pm-gov-ru",
  "_classVer": "",
  "creator": "operator@local",
  "budgetType": "munic",
  "cloudDate": "1970-01-01T00:00:00.000Z",
  "increasing": false,
  "indicatorStatus": "edit",
  "measureType": "",
  "measureUnit": "",
  "name": "",
  "needSign": false,
  "objectBasic": "",
  "editor": "operator@local",
  "plannedValue": 45,
  "value": 56,
  "desiredValue": 58,
  "___workflowStatus": {
    "indicatorValueBasic@pm-gov-ru": {
      "next": {},
      "workflowCaption": "Согласование шаблона показателей",
      "stageCaption": "Планирование",
      "stage": "plan"
    }
  }
}