{
  "id": "71556660-7797-11e9-82cb-8dace84b32db",
  "_class": "indicatorBudget@pm-gov-ru",
  "_classVer": "",
  "active": [],
  "archive": false,
  "baseDatePrint": "2019-01-01T00:00:00.000Z",
  "basicObj": "cd2addf0-776d-11e9-8f14-55db6cd0450a",
  "budgetType": "munic",
  "createDatet": "2019-05-16T04:59:53.669Z",
  "creator": "testOperator@local",
  "dateEnd": "2019-09-30T14:00:00.000Z",
  "dateEndPrint": "30.09.2019",
  "dateStart": "2019-07-01T00:00:00.000Z",
  "dateStartPrint": "01.07.2019",
  "endProgress": false,
  "files": [],
  "grbs": "c6e1fa90-9951-11e9-9b0a-f1e89630b2a1",
  "increasing": false,
  "measureUnit": "384",
  "modifeDate": "2019-06-28T03:07:09.907Z",
  "needSign": false,
  "obj": "6b902f20-7793-11e9-82cb-8dace84b32db",
  "owner": "97491300-776d-11e9-8f14-55db6cd0450a",
  "ownerValue": "97491300-776d-11e9-8f14-55db6cd0450a",
  "periodType": "year",
  "project_code": "HOUSINGALTAY",
  "skipPlanned": false,
  "status": "edit",
  "sumValuePrintY1": "0",
  "sumValuePrintY2": "0",
  "sumValuePrintY3": "0",
  "sumValuePrintY4": "0",
  "sumValuePrintY5": "0",
  "sumValuePrintY6": "0",
  "sumValuePrintY7": "0",
  "typeIndicatorprint": "",
  "unitType": "",
  "valueType": true,
  "editor": "demo@local",
  "___workflowStatus": {
    "indicatorBasic@pm-gov-ru": {
      "next": {},
      "workflowCaption": "Согласование показателей",
      "stageCaption": "Редактирование",
      "stage": "edit"
    }
  }
}