{
  "id": "21983120-7797-11e9-82cb-8dace84b32db",
  "_class": "indicatorValueBudget@pm-gov-ru",
  "_classVer": "",
  "archive": false,
  "budgetType": "vnebudgetFond",
  "cloudDate": "1970-01-01T00:00:00.000Z",
  "createDatet": "2019-05-16T04:57:39.890Z",
  "creator": "testOperator@local",
  "dateEnd": "2019-12-31T00:00:00.000Z",
  "dateStart": "2019-01-01T00:00:00.000Z",
  "desiredValue": 8.1,
  "editor": "testOperator@local",
  "endProgress": false,
  "increasing": false,
  "indicatorBasic": "21798590-7797-11e9-82cb-8dace84b32db",
  "indicatorStatus": "edit",
  "measureType": "",
  "measureUnit": "ТЫС РУБ",
  "modifeDate": "2019-05-16T04:58:29.201Z",
  "name": "",
  "needSign": false,
  "objectBasic": "",
  "plannedValue": 171.4,
  "review": "normal",
  "state": "plan",
  "value": 60.8,
  "___workflowStatus": {
    "indicatorValueBasic@pm-gov-ru": {
      "next": {},
      "workflowCaption": "Согласование шаблона показателей",
      "stageCaption": "Планирование",
      "stage": "plan"
    }
  }
}