{
  "id": "98f047a0-779f-11e9-82cb-8dace84b32db",
  "_class": "indicatorValueBudget@pm-gov-ru",
  "_classVer": "",
  "archive": false,
  "budgetType": "krai",
  "cloudDate": "1970-01-01T00:00:00.000Z",
  "createDatet": "2019-05-16T05:58:16.090Z",
  "creator": "admin@local",
  "dateEnd": "2024-12-31T00:00:00.000Z",
  "dateStart": "2024-01-01T00:00:00.000Z",
  "endProgress": false,
  "increasing": false,
  "indicatorBasic": "97647780-779f-11e9-82cb-8dace84b32db",
  "indicatorStatus": "edit",
  "measureType": "",
  "measureUnit": "ТЫС РУБ",
  "modifeDate": "2019-05-16T05:58:16.090Z",
  "name": "",
  "needSign": false,
  "objectBasic": "",
  "review": "normal",
  "state": "plan",
  "___workflowStatus": {
    "indicatorValueBasic@pm-gov-ru": {
      "next": {},
      "workflowCaption": "Согласование шаблона показателей",
      "stageCaption": "Планирование",
      "stage": "plan"
    }
  }
}