{
  "id": "2c74eff0-779e-11e9-82cb-8dace84b32db",
  "_class": "indicatorDigital@pm-gov-ru",
  "_classVer": "",
  "active": [
    "8db6c5d0-7777-11e9-b697-5dcc0f00a571",
    "b72bd830-9953-11e9-9b0a-f1e89630b2a1"
  ],
  "archive": false,
  "baseDatePrint": null,
  "confirm": null,
  "createDatet": "2019-05-16T05:48:04.591Z",
  "creator": "admin@local",
  "dateEnd": "2024-12-31T00:00:00.000Z",
  "dateStart": "2018-01-01T00:00:00.000Z",
  "endProgress": false,
  "featureIndicator": "",
  "files": [],
  "head": "ed66d550-7796-11e9-82cb-8dace84b32db",
  "headValue": "ed66d550-7796-11e9-82cb-8dace84b32db",
  "measureType": null,
  "measureUnit": "359",
  "modifeDate": "2019-05-16T05:48:04.591Z",
  "name": "Срок получения разрешения на строительство и ввод объекта в эксплуатацию",
  "needSign": false,
  "objectBasic": null,
  "owner": "016b0a30-7797-11e9-82cb-8dace84b32db",
  "ownerValue": "016b0a30-7797-11e9-82cb-8dace84b32db",
  "periodType": "year",
  "skipPlanned": false,
  "status": "edit",
  "sumValuePrintY1": "0",
  "sumValuePrintY2": "0",
  "sumValuePrintY3": "0",
  "sumValuePrintY4": "0",
  "sumValuePrintY5": "0",
  "sumValuePrintY6": "0",
  "sumValuePrintY7": "0",
  "typeIndicator": "852fecd0-778f-11e9-82cb-8dace84b32db",
  "typeIndicatorprint": "Основной",
  "unitType": "",
  "valueType": true,
  "___workflowStatus": {
    "indicatorBasic@pm-gov-ru": {
      "next": {},
      "workflowCaption": "Согласование показателей",
      "stageCaption": "Редактирование",
      "stage": "edit"
    }
  }
}