{
  "dateStart": "2018-11-01T00:00:00.000Z",
  "dateEnd": "2024-12-31T00:00:00.000Z",
  "basicObj": "b72bd830-9953-11e9-9b0a-f1e89630b2a1",
  "obj": "b72bd830-9953-11e9-9b0a-f1e89630b2a1",
  "budgetType": "munic",
  "grbs": "c6e1fa90-9951-11e9-9b0a-f1e89630b2a1",
  "createDatet": "2019-06-28T05:59:44.462Z",
  "modifeDate": "2019-06-28T05:59:44.462Z",
  "id": "ed6006e0-9969-11e9-9b0a-f1e89630b2a1",
  "files": [],
  "increasing": false,
  "measureUnit": "384",
  "endProgress": false,
  "valueType": "true",
  "periodType": "year",
  "archive": false,
  "owner": "97491300-776d-11e9-8f14-55db6cd0450a",
  "ownerValue": "97491300-776d-11e9-8f14-55db6cd0450a",
  "needSign": false,
  "skipPlanned": false,
  "active": [],
  "status": "edit",
  "project_code": "HOUSINGINALTAY",
  "_class": "indicatorBudget@pm-gov-ru",
  "_classVer": "",
  "creator": "operator@local",
  "baseDatePrint": "2024-01-01T00:00:00.000Z",
  "dateEndPrint": "31.12.2024",
  "dateStartPrint": "01.11.2018",
  "sumValuePrintY1": "0",
  "sumValuePrintY2": "0",
  "sumValuePrintY3": "0",
  "sumValuePrintY4": "0",
  "sumValuePrintY5": "0",
  "sumValuePrintY6": "0",
  "sumValuePrintY7": "0",
  "typeIndicatorprint": "",
  "unitType": "",
  "___workflowStatus": {
    "indicatorBasic@pm-gov-ru": {
      "next": {},
      "workflowCaption": "Согласование показателей",
      "stageCaption": "Редактирование",
      "stage": "edit"
    }
  }
}