{
  "id": "f9bc6df0-779c-11e9-82cb-8dace84b32db",
  "_class": "indicatorDigital@pm-gov-ru",
  "_classVer": "",
  "active": [
    "8db6c5d0-7777-11e9-b697-5dcc0f00a571",
    "b72bd830-9953-11e9-9b0a-f1e89630b2a1",
    "2de5e8e0-997b-11e9-9b0a-f1e89630b2a1"
  ],
  "archive": false,
  "baseDatePrint": null,
  "calcMethod": "<p>Определяется, как сумма площадей всех частей жилых помещений, включая площадь помещений вспомогательного использования, предназначенных для удовлетворения гражданами бытовых и иных нужд, связанных с их проживанием в жилом помещении, площадей лоджий, балконов, веранд, террас, подсчитываемых с соответствующими понижающими коэффициентами, а также жилых и подсобных помещений в построенных населением индивидуальных жилых домах&nbsp;</p>",
  "confirm": null,
  "createDatet": "2019-05-16T05:39:29.999Z",
  "creator": "admin@local",
  "dateEnd": "2024-12-31T00:00:00.000Z",
  "dateStart": "2018-01-01T00:00:00.000Z",
  "editor": "admin@local",
  "endProgress": false,
  "featureIndicator": "",
  "files": [],
  "head": "ed66d550-7796-11e9-82cb-8dace84b32db",
  "headValue": "d5522140-7796-11e9-82cb-8dace84b32db",
  "measureType": null,
  "measureUnit": "085",
  "modifeDate": "2019-05-16T05:40:06.716Z",
  "name": "Объем ввода жилья в многоквартирных жилых домах",
  "needSign": false,
  "objectBasic": null,
  "owner": "016b0a30-7797-11e9-82cb-8dace84b32db",
  "ownerValue": "016b0a30-7797-11e9-82cb-8dace84b32db",
  "periodType": "year",
  "skipPlanned": false,
  "status": "edit",
  "sumValuePrintY1": "0",
  "sumValuePrintY2": "0",
  "sumValuePrintY3": "0",
  "sumValuePrintY4": "0",
  "sumValuePrintY5": "0",
  "sumValuePrintY6": "0",
  "sumValuePrintY7": "0",
  "typeIndicator": "63fdd900-778f-11e9-82cb-8dace84b32db",
  "typeIndicatorprint": "Количественный",
  "unitType": "",
  "valueType": true,
  "___workflowStatus": {
    "indicatorBasic@pm-gov-ru": {
      "next": {},
      "workflowCaption": "Согласование показателей",
      "stageCaption": "Редактирование",
      "stage": "edit"
    }
  }
}