{
  "id": "33bb1eb0-779e-11e9-82cb-8dace84b32db",
  "_class": "indicatorValueDigital@pm-gov-ru",
  "_classVer": "",
  "archive": false,
  "cloudDate": "1970-01-01T00:00:00.000Z",
  "createDatet": "2019-05-16T05:48:16.795Z",
  "creator": "admin@local",
  "dateEnd": "2024-12-31T00:00:00.000Z",
  "dateStart": "2024-01-01T00:00:00.000Z",
  "editor": "admin@local",
  "endProgress": false,
  "indicatorBasic": "2c74eff0-779e-11e9-82cb-8dace84b32db",
  "indicatorStatus": "edit",
  "measureType": "",
  "measureUnit": "СУТ; ДН",
  "modifeDate": "2019-05-16T05:49:04.009Z",
  "name": "Срок получения разрешения на строительство и ввод объекта в эксплуатацию",
  "needSign": false,
  "objectBasic": "",
  "plannedValue": 5,
  "review": "normal",
  "state": "plan",
  "___workflowStatus": {
    "indicatorValueBasic@pm-gov-ru": {
      "next": {},
      "workflowCaption": "Согласование шаблона показателей",
      "stageCaption": "Планирование",
      "stage": "plan"
    }
  }
}