{
  "id": "902b9690-779c-11e9-82cb-8dace84b32db",
  "_class": "indicatorValueDigital@pm-gov-ru",
  "_classVer": "",
  "archive": false,
  "cloudDate": "1970-01-01T00:00:00.000Z",
  "createDatet": "2019-05-16T05:36:32.888Z",
  "creator": "admin@local",
  "dateEnd": "2022-12-31T00:00:00.000Z",
  "dateStart": "2022-01-01T00:00:00.000Z",
  "editor": "admin@local",
  "endProgress": false,
  "indicatorBasic": "87d5cc90-779c-11e9-82cb-8dace84b32db",
  "indicatorStatus": "edit",
  "measureType": "",
  "measureUnit": "ТЫС М2 ЖИЛ ПЛ",
  "modifeDate": "2019-05-16T05:37:44.759Z",
  "name": "Объем жилищного строительства",
  "needSign": false,
  "objectBasic": "",
  "plannedValue": 617,
  "review": "normal",
  "state": "plan",
  "___workflowStatus": {
    "indicatorValueBasic@pm-gov-ru": {
      "next": {},
      "workflowCaption": "Согласование шаблона показателей",
      "stageCaption": "Планирование",
      "stage": "plan"
    }
  }
}