{
  "id": "718995c0-7797-11e9-82cb-8dace84b32db",
  "_class": "indicatorValueBudget@pm-gov-ru",
  "_classVer": "",
  "archive": false,
  "budgetType": "munic",
  "cloudDate": "1970-01-01T00:00:00.000Z",
  "createDatet": "2019-05-16T04:59:54.011Z",
  "creator": "testOperator@local",
  "dateEnd": "2019-12-31T00:00:00.000Z",
  "dateStart": "2019-01-01T00:00:00.000Z",
  "desiredValue": 23.1,
  "editor": "testOperator@local",
  "endProgress": false,
  "increasing": false,
  "indicatorBasic": "71556660-7797-11e9-82cb-8dace84b32db",
  "indicatorStatus": "edit",
  "measureType": "",
  "measureUnit": "ТЫС РУБ",
  "modifeDate": "2019-05-16T05:01:13.089Z",
  "name": "",
  "needSign": false,
  "objectBasic": "",
  "plannedValue": 136.1,
  "review": "normal",
  "state": "plan",
  "value": 40.7,
  "___workflowStatus": {
    "indicatorValueBasic@pm-gov-ru": {
      "next": {},
      "workflowCaption": "Согласование шаблона показателей",
      "stageCaption": "Планирование",
      "stage": "plan"
    }
  }
}