{
  "id": "a4285bf0-779d-11e9-82cb-8dace84b32db",
  "_class": "indicatorValueDigital@pm-gov-ru",
  "_classVer": "",
  "archive": false,
  "cloudDate": "1970-01-01T00:00:00.000Z",
  "createDatet": "2019-05-16T05:44:15.919Z",
  "creator": "admin@local",
  "dateEnd": "2024-12-31T00:00:00.000Z",
  "dateStart": "2024-01-01T00:00:00.000Z",
  "editor": "admin@local",
  "endProgress": false,
  "indicatorBasic": "9de19bd0-779d-11e9-82cb-8dace84b32db",
  "indicatorStatus": "edit",
  "measureType": "",
  "measureUnit": "ГА",
  "modifeDate": "2019-05-16T05:45:26.799Z",
  "name": "Площадь земельных участков вовлеченных в оборот в рамках Земельного кодекса РФ",
  "needSign": false,
  "objectBasic": "",
  "plannedValue": 47.1,
  "review": "normal",
  "state": "plan",
  "___workflowStatus": {
    "indicatorValueBasic@pm-gov-ru": {
      "next": {},
      "workflowCaption": "Согласование шаблона показателей",
      "stageCaption": "Планирование",
      "stage": "plan"
    }
  }
}