{
  "id": "9de19bd0-779d-11e9-82cb-8dace84b32db",
  "_class": "indicatorDigital@pm-gov-ru",
  "_classVer": "",
  "active": [
    "8db6c5d0-7777-11e9-b697-5dcc0f00a571"
  ],
  "archive": false,
  "baseDatePrint": null,
  "calcMethod": "<p>Определяется как сумма площадей всех вовлеченных в жилищное строительство земельных участков территории Республики Марий Эл&nbsp;</p>",
  "confirm": null,
  "createDatet": "2019-05-16T05:44:05.389Z",
  "creator": "admin@local",
  "dateEnd": "2024-12-31T00:00:00.000Z",
  "dateStart": "2018-01-01T00:00:00.000Z",
  "editor": "admin@local",
  "endProgress": false,
  "featureIndicator": "",
  "files": [],
  "head": "ed66d550-7796-11e9-82cb-8dace84b32db",
  "headValue": "d5522140-7796-11e9-82cb-8dace84b32db",
  "measureType": null,
  "measureUnit": "059",
  "modifeDate": "2019-05-16T05:45:56.407Z",
  "name": "Площадь земельных участков вовлеченных в оборот в рамках Земельного кодекса РФ",
  "needSign": false,
  "objectBasic": null,
  "owner": "016b0a30-7797-11e9-82cb-8dace84b32db",
  "ownerValue": "016b0a30-7797-11e9-82cb-8dace84b32db",
  "periodType": "year",
  "skipPlanned": false,
  "status": "edit",
  "sumValuePrintY1": "0",
  "sumValuePrintY2": "0",
  "sumValuePrintY3": "0",
  "sumValuePrintY4": "0",
  "sumValuePrintY5": "0",
  "sumValuePrintY6": "0",
  "sumValuePrintY7": "0",
  "typeIndicator": "852fecd0-778f-11e9-82cb-8dace84b32db",
  "typeIndicatorprint": "Основной",
  "unitType": "",
  "valueType": true,
  "___workflowStatus": {
    "indicatorBasic@pm-gov-ru": {
      "next": {},
      "workflowCaption": "Согласование показателей",
      "stageCaption": "Редактирование",
      "stage": "edit"
    }
  }
}